,vwretd,vwretx,ewretd,ewretx,totval,totcnt,usdval,usdcnt,spindx,sprtrn
2019-12-02,-0.008588,-0.00862,-0.008306,-0.008362,26829950300,505,27063281400,505,3113.87,-0.008631
2019-12-03,-0.006563,-0.006595,-0.008242,-0.008301,26653014700,505,26829950300,505,3093.2,-0.006638
2019-12-04,0.006336,0.006233,0.0078,0.007729,26819640300,505,26653014700,505,3112.76,0.006324
2019-12-05,0.001732,0.001427,0.001703,0.001449,26870497000,505,26823599100,505,3117.43,0.0015
2019-12-06,0.009108,0.009062,0.009213,0.009175,27113952600,505,26870497000,505,3145.91,0.009136
2019-12-09,-0.003052,-0.003133,-0.002454,-0.002577,27012617900,505,27097524500,505,3135.96,-0.003163
2019-12-10,-0.001121,-0.001155,-0.00124,-0.001328,26981800800,505,27012617900,505,3132.52,-0.001097
2019-12-11,0.00293,0.00292,0.002603,0.002591,27060491200,505,26981800800,505,3141.63,0.002908
2019-12-12,0.008631,0.008492,0.010665,0.010398,27290282400,505,27060491200,505,3168.57,0.008575
2019-12-13,0.000214,0.000045,-0.002659,-0.002861,27291676700,505,27290282400,505,3168.8,0.000073
2019-12-16,0.007038,0.006997,0.006493,0.006429,27482237400,505,27291676700,505,3191.45,0.007148
2019-12-17,0.000398,0.000391,0.000407,0.000382,27492988100,505,27482237400,505,3192.52,0.000335
2019-12-18,-0.000345,-0.000427,0.001461,0.001411,27481249000,505,27492988100,505,3191.14,-0.000432
2019-12-19,0.004534,0.00447,0.003453,0.003324,27604096800,505,27481249000,505,3205.37,0.004459
2019-12-20,0.004896,0.004846,0.00575,0.005728,27737871200,505,27604096800,505,3221.22,0.004945
2019-12-23,0.000897,0.000897,0.000388,0.000388,27792669000,505,27767758100,505,3224.01,0.000866
2019-12-24,-0.000132,-0.000202,0.000243,0.000177,27787054300,505,27792669000,505,3223.38,-0.000195
2019-12-26,0.005385,0.005296,0.002328,0.002241,27934225500,505,27787054300,505,3239.91,0.005128
2019-12-27,0.000028,-0.000062,-0.00083,-0.001018,27911812000,505,27934225500,505,3240.02,0.000034
2019-12-30,-0.005631,-0.005763,-0.004008,-0.004245,27750952400,505,27911812000,505,3221.29,-0.005781
2019-12-31,0.002954,0.002891,0.004,0.003817,27851725900,505,27750952400,505,3230.78,0.002946
2020-01-02,0.00857,0.008448,0.002739,0.002659,28086734600,505,27851725900,505,3257.85,0.008379
2020-01-03,-0.00695,-0.00705,-0.005536,-0.005549,27888553100,505,28086734600,505,3234.85,-0.00706
2020-01-06,0.003566,0.003563,0.001287,0.001283,27987926700,505,27888553100,505,3246.28,0.003533
2020-01-07,-0.002669,-0.002768,-0.001031,-0.00115,27910445600,505,27987926700,505,3237.18,-0.002803
2020-01-08,0.004827,0.004783,0.002815,0.0028,28043946400,505,27910445600,505,3253.05,0.004902
2020-01-09,0.006939,0.006685,0.004566,0.004448,28231434200,505,28043946400,505,3274.7,0.006655
2020-01-10,-0.002841,-0.002845,-0.002888,-0.002898,28151037900,505,28231434200,505,3265.35,-0.002855
2020-01-13,0.006957,0.006954,0.006405,0.006396,28346813500,505,28151037900,505,3288.13,0.006976
2020-01-14,-0.001388,-0.00148,0.001809,0.001746,28304866300,505,28346813500,505,3283.15,-0.001515
2020-01-15,0.001782,0.001763,0.001627,0.00162,28354779300,505,28304866300,505,3289.29,0.00187
2020-01-16,0.008459,0.008422,0.009479,0.009443,28593569500,505,28354779300,505,3316.81,0.008367
2020-01-17,0.003742,0.003722,0.002167,0.002153,28696456600,505,28593569500,505,3329.62,0.003862
2020-01-21,-0.002617,-0.002635,-0.004783,-0.004807,28620843400,505,28696456600,505,3320.79,-0.002652
2020-01-22,0.000322,0.000287,-0.001169,-0.001194,28628614800,505,28620843400,505,3321.75,0.000289
2020-01-23,0.00119,0.001121,0.0023,0.002264,28660398800,505,28628614800,505,3325.54,0.001141
2020-01-24,-0.009072,-0.009099,-0.01073,-0.010786,28380997800,505,28642788000,504,3295.47,-0.009042
2020-01-27,-0.015637,-0.015637,-0.016037,-0.016037,27935740100,505,28380997800,504,3243.63,-0.015731
2020-01-28,0.010117,0.010098,0.008886,0.008844,28236327300,505,27953991500,505,3276.24,0.010054
2020-01-29,-0.000904,-0.000925,-0.003525,-0.003561,28210207400,505,28236327300,505,3273.4,-0.000867
2020-01-30,0.003377,0.003226,0.002176,0.002,28300805700,505,28210207400,505,3283.66,0.003134
2020-01-31,-0.017209,-0.017292,-0.01925,-0.019358,27795610600,505,28300805700,505,3225.52,-0.017706
2020-02-03,0.007296,0.007022,0.006261,0.005407,27990801400,505,27795610600,505,3248.92,0.007255
2020-02-04,0.014994,0.01499,0.014684,0.014671,28410209800,505,27990801400,505,3297.59,0.01498
2020-02-05,0.011113,0.011094,0.015394,0.015381,28725392700,505,28410209800,505,3334.69,0.011251
2020-02-06,0.003467,0.003301,-0.000827,-0.000935,28819813000,505,28725392700,505,3345.78,0.003326
2020-02-07,-0.005025,-0.005221,-0.008161,-0.008272,28668411200,505,28819813000,505,3327.71,-0.005401
2020-02-10,0.007484,0.007339,0.004199,0.004125,28878766000,505,28668411200,505,3352.09,0.007326
2020-02-11,0.002015,0.001977,0.006165,0.00611,28935949000,505,28878766000,505,3357.75,0.001688
2020-02-12,0.006558,0.006526,0.007149,0.007061,29125390300,505,28935949000,505,3379.45,0.006463
2020-02-13,-0.001323,-0.001639,-0.001715,-0.002047,29077550200,505,29125390300,505,3373.94,-0.00163
2020-02-14,0.001932,0.001773,0.000612,0.000428,29129047900,505,29077550200,505,3380.16,0.001844
2020-02-18,-0.002658,-0.00272,-0.003634,-0.003724,29049590600,505,29129047900,505,3370.29,-0.00292
2020-02-19,0.004782,0.004617,0.003626,0.00356,29183024500,505,29049590600,505,3386.15,0.004706
2020-02-20,-0.003852,-0.0039,0.000086,-0.000048,29069364600,505,29183024500,505,3373.23,-0.003816
2020-02-21,-0.010591,-0.010626,-0.008999,-0.009112,28760627200,505,29069364600,505,3337.75,-0.010518
2020-02-24,-0.033359,-0.03348,-0.031205,-0.031267,27797404100,505,28760627200,505,3225.89,-0.033514
2020-02-25,-0.030269,-0.030289,-0.034182,-0.034219,26955420800,505,27797404100,505,3128.21,-0.03028
2020-02-26,-0.003772,-0.003779,-0.010829,-0.010852,26853574200,505,26955420800,505,3116.39,-0.003779
2020-02-27,-0.043781,-0.043973,-0.039631,-0.039883,25672762000,505,26853574200,505,2978.76,-0.044163
2020-02-28,-0.008242,-0.008407,-0.011439,-0.011682,25423196300,505,25672762000,505,2954.22,-0.008238
2020-03-02,0.045959,0.045934,0.037869,0.037797,26584179300,505,25423196300,505,3090.23,0.046039
2020-03-03,-0.028014,-0.028047,-0.025578,-0.025687,25841879600,505,26587568300,505,3003.37,-0.028108
2020-03-04,0.04215,0.042092,0.037432,0.037357,26929577000,505,25841879600,505,3130.12,0.042203
2020-03-05,-0.03363,-0.033837,-0.037775,-0.038014,26018364400,505,26929577000,505,3023.94,-0.033922
2020-03-06,-0.016819,-0.016852,-0.02128,-0.021378,25579690400,505,26018364400,505,2972.37,-0.017054
2020-03-09,-0.075275,-0.075376,-0.090032,-0.090245,23651559100,505,25579690400,505,2746.56,-0.07597
2020-03-10,0.049281,0.049253,0.049157,0.04905,24816666300,505,23651559100,505,2882.23,0.049396
2020-03-11,-0.048751,-0.048817,-0.056952,-0.056965,23604871700,505,24816666300,505,2741.38,-0.048868
2020-03-12,-0.095036,-0.095239,-0.104583,-0.105029,21356545100,505,23604871700,505,2480.64,-0.095113
2020-03-13,0.093205,0.09287,0.08418,0.083827,23339952200,505,21356545100,505,2711.02,0.092871
2020-03-16,-0.11897,-0.119008,-0.126864,-0.12696,20562636900,505,23339952200,505,2386.13,-0.119841
2020-03-17,0.060242,0.060195,0.049913,0.049754,21800418400,505,20562636900,505,2529.19,0.059955
2020-03-18,-0.050477,-0.050483,-0.077413,-0.077431,20699859200,505,21800418400,505,2398.1,-0.051831
2020-03-19,0.00467,0.004561,0.021055,0.020993,20794274600,505,20699859200,505,2409.39,0.004708
2020-03-20,-0.043187,-0.043348,-0.041231,-0.041318,19892596300,505,20794274600,505,2304.92,-0.04336
2020-03-23,-0.028576,-0.028579,-0.035576,-0.035617,19323811000,505,19892596300,505,2237.4,-0.029294
2020-03-24,0.092646,0.092545,0.117414,0.117279,21111440000,505,19323811000,505,2447.33,0.093828
2020-03-25,0.010971,0.010967,0.031544,0.03153,21342958100,505,21111440000,505,2475.56,0.011535
2020-03-26,0.062088,0.062042,0.060332,0.06027,22666909800,505,21342958100,505,2630.07,0.062414
2020-03-27,-0.033559,-0.033561,-0.036711,-0.036736,21888176300,505,22666909800,505,2541.47,-0.033687
2020-03-30,0.03355,0.033381,0.021276,0.020934,22618764600,505,21888176300,505,2626.65,0.033516
2020-03-31,-0.015948,-0.016046,-0.017209,-0.017359,22241555400,505,22618764600,505,2584.59,-0.016013
2020-04-01,-0.043645,-0.043651,-0.054269,-0.054326,21302507000,505,22241555400,505,2470.5,-0.044142
2020-04-02,0.022726,0.022564,0.013041,0.012913,21783179400,505,21302507000,505,2526.9,0.022829
2020-04-03,-0.014551,-0.014679,-0.014673,-0.014697,21425974900,507,21781173300,506,2488.65,-0.015137
2020-04-06,0.070015,0.070005,0.082786,0.082764,22925207200,505,21424485500,505,2663.68,0.070331
2020-04-07,-0.001661,-0.001677,0.013,0.012913,22897339000,505,22925207200,505,2659.41,-0.001603
2020-04-08,0.033801,0.033551,0.046256,0.046141,23665586200,505,22897339000,505,2749.98,0.034056
2020-04-09,0.014454,0.014328,0.026058,0.025984,24004681100,505,23665586200,505,2789.82,0.014487
2020-04-13,-0.009366,-0.009386,-0.023941,-0.02395,23779142000,505,24004681100,505,2761.63,-0.010105
2020-04-14,0.030843,0.030725,0.023924,0.023856,24509534300,505,23779142000,505,2846.06,0.030573
2020-04-15,-0.021556,-0.021615,-0.035625,-0.035683,23979916800,505,24509534300,505,2783.36,-0.02203
2020-04-16,0.00619,0.006184,-0.006471,-0.006488,24138711700,505,23979916800,505,2799.55,0.005817
2020-04-17,0.026322,0.026283,0.044872,0.044842,24774975600,505,24138711700,505,2874.56,0.026794
2020-04-20,-0.017771,-0.017773,-0.022523,-0.022529,24334658500,505,24774975600,505,2823.16,-0.017881
2020-04-21,-0.030447,-0.03047,-0.028327,-0.028356,23580215100,505,24334658500,505,2736.56,-0.030675
2020-04-22,0.022846,0.022818,0.018489,0.018473,24116723800,505,23580215100,505,2799.31,0.02293
2020-04-23,-0.000388,-0.000469,0.00424,0.004227,24104841900,505,24116723800,505,2797.8,-0.000539
2020-04-24,0.013758,0.013737,0.013927,0.01381,24432539100,505,24104841900,505,2836.74,0.013918
2020-04-27,0.014428,0.014411,0.028531,0.0285,24783968400,505,24432539100,505,2878.48,0.014714
2020-04-28,-0.005305,-0.005312,0.013825,0.01379,24652254000,505,24783968400,505,2863.39,-0.005242
2020-04-29,0.026208,0.026168,0.033551,0.03346,25297345600,505,24652254000,505,2939.51,0.026584
2020-04-30,-0.008936,-0.008969,-0.024609,-0.024709,25092774000,505,25297345600,505,2912.43,-0.009212
2020-05-01,-0.027987,-0.028094,-0.035072,-0.035185,24386913100,505,25092774000,505,2830.71,-0.028059
2020-05-04,0.004454,0.004449,0.001008,0.000999,24494858800,505,24386913100,505,2842.74,0.00425
2020-05-05,0.009042,0.009042,0.004372,0.004372,24716330200,505,24494858800,505,2868.44,0.009041
2020-05-06,-0.006842,-0.006916,-0.014281,-0.01433,24545345800,505,24716330200,505,2848.42,-0.006979
2020-05-07,0.01207,0.011688,0.017342,0.017081,24832306000,505,24545345800,505,2881.19,0.011505
2020-05-08,0.017096,0.016904,0.027897,0.027661,25252276200,505,24832306000,505,2929.8,0.016872
2020-05-11,0.000148,0.00014,-0.011579,-0.011597,25192146700,505,25188617000,504,2930.32,0.000177
2020-05-12,-0.020425,-0.020587,-0.026156,-0.026233,24724015400,505,25243686400,505,2870.12,-0.020544
2020-05-13,-0.017138,-0.017206,-0.02909,-0.029216,24298624400,505,24724015400,505,2820,-0.017463
2020-05-14,0.011669,0.011461,0.015212,0.01492,24577197600,505,24298624400,505,2852.5,0.011525
2020-05-15,0.00427,0.004165,0.001507,0.001367,24679562000,505,24577197600,505,2863.7,0.003926
2020-05-18,0.031482,0.03137,0.055191,0.055082,25453833000,505,24679562000,505,2953.91,0.031501
2020-05-19,-0.010403,-0.010493,-0.014193,-0.014351,25186744500,505,25453833000,505,2922.94,-0.010484
2020-05-20,0.016702,0.016523,0.01886,0.018776,25602921000,505,25186744500,505,2971.61,0.016651
2020-05-21,-0.007929,-0.007995,-0.00425,-0.004349,25398224900,505,25602921000,505,2948.51,-0.007774
2020-05-22,0.002457,0.002293,0.001097,0.000935,25469978300,505,25411699900,505,2955.45,0.002354
2020-05-26,0.012164,0.012146,0.032618,0.032564,25779357800,505,25469978300,505,2991.77,0.012289
2020-05-27,0.014605,0.014587,0.025094,0.025039,26155408700,505,25779357800,505,3036.13,0.014827
2020-05-28,-0.001863,-0.001984,-0.008671,-0.008901,26103570200,505,26155408700,505,3029.73,-0.002108
2020-05-29,0.004922,0.00476,-0.001724,-0.002018,26245685700,505,26103570200,505,3044.31,0.004812
2020-06-01,0.003979,0.003935,0.01152,0.011459,26348950200,505,26245685700,505,3055.73,0.003751
2020-06-02,0.008075,0.008046,0.012226,0.012184,26560943200,505,26348950200,505,3080.82,0.008211
2020-06-03,0.013602,0.013505,0.027448,0.027397,26919642500,505,26560943200,505,3122.87,0.013649
2020-06-04,-0.003255,-0.003471,0.004514,0.004325,26826202600,505,26919642500,505,3112.35,-0.003369
2020-06-05,0.025805,0.025789,0.034703,0.034664,27518146700,505,26826202600,505,3193.93,0.026212
2020-06-08,0.012263,0.012245,0.022985,0.02296,27852275900,505,27518146700,505,3232.39,0.012042
2020-06-09,-0.007465,-0.007532,-0.023647,-0.02378,27642494300,505,27852275900,505,3207.18,-0.007799
2020-06-10,-0.005108,-0.005113,-0.022011,-0.022024,27501132300,505,27642494300,505,3190.14,-0.005313
2020-06-11,-0.058263,-0.058375,-0.067898,-0.068067,25895732500,505,27501132300,505,3002.1,-0.058944
2020-06-12,0.013059,0.012761,0.020503,0.020078,26225864700,505,25895732500,505,3041.31,0.013061
2020-06-15,0.008464,0.008428,0.010435,0.010381,26446926500,505,26225864700,505,3066.59,0.008312
2020-06-16,0.018946,0.01893,0.020181,0.020125,26947569000,505,26446926500,505,3124.74,0.018962
2020-06-17,-0.003646,-0.003646,-0.010039,-0.010039,26849314600,505,26947569000,505,3113.49,-0.0036
2020-06-18,0.000805,0.000772,-0.000708,-0.000745,26870037500,505,26849314600,505,3115.34,0.000594
2020-06-19,-0.005284,-0.005465,-0.010063,-0.01019,26723002800,505,26870037500,505,3097.74,-0.005649
2020-06-22,0.006543,0.006542,0.001546,0.001542,26925402900,505,26750395100,505,3117.86,0.006495
2020-06-23,0.004316,0.004309,0.001516,0.001491,27041378000,505,26925402900,505,3131.29,0.004307
2020-06-24,-0.025571,-0.025574,-0.033685,-0.033697,26349368400,505,27041378000,505,3050.33,-0.025855
2020-06-25,0.010927,0.010876,0.010619,0.01054,26635931500,505,26349368400,505,3083.76,0.010959
2020-06-26,-0.024285,-0.024296,-0.02112,-0.021136,25972490000,505,26635931500,505,3009.05,-0.024227
2020-06-29,0.01474,0.014615,0.021081,0.020814,26352077300,505,25972490000,505,3053.24,0.014686
2020-06-30,0.015346,0.015266,0.013917,0.013804,26759418300,505,26352077300,505,3100.29,0.01541
2020-07-01,0.005266,0.005233,-0.002502,-0.002542,26899491800,505,26759418300,505,3115.86,0.005022
2020-07-02,0.004715,0.004506,0.0063,0.006216,27020802600,505,26899491800,505,3130.01,0.004541
2020-07-06,0.01607,0.016064,0.011553,0.011547,27454825600,505,27020802600,505,3179.72,0.015882
2020-07-07,-0.010446,-0.010451,-0.017105,-0.017117,27167907400,505,27454825600,505,3145.32,-0.010819
2020-07-08,0.007812,0.007797,0.003033,0.003031,27379743600,505,27167907400,505,3169.94,0.007828
2020-07-09,-0.00493,-0.005201,-0.017001,-0.017187,27237331400,505,27379743600,505,3152.05,-0.005644
2020-07-10,0.0106,0.010596,0.017608,0.017598,27525933500,505,27237331400,505,3185.04,0.010466
2020-07-13,-0.00953,-0.00953,-0.003638,-0.003638,27263608400,505,27525933500,505,3155.22,-0.009363
2020-07-14,0.013302,0.013163,0.016041,0.015944,27622521900,505,27263608400,505,3197.52,0.013406
2020-07-15,0.008938,0.008918,0.024506,0.024493,27869003900,505,27622521900,505,3226.56,0.009082
2020-07-16,-0.003355,-0.003384,-0.0018,-0.001842,27774695100,505,27869003900,505,3215.57,-0.003406
2020-07-17,0.002691,0.002641,0.002633,0.002587,27844828100,505,27774695100,505,3224.73,0.002849
2020-07-20,0.008785,0.008785,-0.005695,-0.005695,28089461400,505,27844828100,505,3251.84,0.008407
2020-07-21,0.001624,0.001609,0.011261,0.01125,28134815200,505,28089461400,505,3257.3,0.001679
2020-07-22,0.005591,0.005568,0.007036,0.00702,28291167200,505,28134815200,505,3276.02,0.005747
2020-07-23,-0.012421,-0.012492,-0.001577,-0.001603,27936286600,505,28291167200,505,3235.66,-0.01232
2020-07-24,-0.006038,-0.006059,-0.007295,-0.007333,27768427300,505,27936286600,505,3215.63,-0.00619
2020-07-27,0.007415,0.00741,0.0041,0.004089,27973267000,505,27768427300,505,3239.41,0.007395
2020-07-28,-0.006553,-0.006565,-0.006121,-0.006162,27789734800,505,27973267000,505,3218.44,-0.006473
2020-07-29,0.012316,0.012315,0.01689,0.016886,28131965800,505,27789734800,505,3258.44,0.012428
2020-07-30,-0.003576,-0.003731,-0.008238,-0.008387,28027037700,505,28131965800,505,3246.22,-0.00375
2020-07-31,0.007894,0.007786,-0.001823,-0.002096,28251838400,505,28027037700,505,3271.12,0.00767
2020-08-03,0.006842,0.006809,0.003056,0.002986,28444378800,505,28251838400,505,3294.61,0.007181
2020-08-04,0.003775,0.003774,0.005229,0.005227,28551739100,505,28444378800,505,3306.51,0.003612
2020-08-05,0.006357,0.006357,0.008068,0.008068,28733194600,505,28551739100,505,3327.77,0.00643
2020-08-06,0.006495,0.006383,-0.000275,-0.000386,28916608100,505,28733194600,505,3349.16,0.006428
2020-08-07,0.000845,0.00064,0.010043,0.009905,28935107900,505,28916608100,505,3351.28,0.000633
2020-08-10,0.002842,0.002829,0.012048,0.012006,29016961500,505,28935107900,505,3360.47,0.002742
2020-08-11,-0.00802,-0.008025,-0.001109,-0.001122,28784091600,505,29016961500,505,3333.69,-0.007969
2020-08-12,0.014106,0.013963,0.006204,0.006094,29185971900,505,28784091600,505,3380.35,0.013997
2020-08-13,-0.001655,-0.001928,-0.00484,-0.005237,29129815400,505,29185971900,505,3373.43,-0.002047
2020-08-14,-0.000052,-0.000123,0.00245,0.002345,29126231700,505,29129815400,505,3372.85,-0.000172
2020-08-17,0.002937,0.002915,-0.000615,-0.000664,29211223600,505,29126231700,505,3381.99,0.00271
2020-08-18,0.002708,0.002553,-0.004855,-0.005017,29285808800,505,29211223600,505,3389.78,0.002303
2020-08-19,-0.004358,-0.004516,-0.004294,-0.004386,29153568600,505,29285808800,505,3374.85,-0.004404
2020-08-20,0.003108,0.003077,-0.005747,-0.005813,29243260300,505,29153568600,505,3385.51,0.003159
2020-08-21,0.003508,0.003448,-0.001497,-0.001554,29344086600,505,29243260300,505,3397.16,0.003441
2020-08-24,0.01011,0.009998,0.016914,0.016842,29637453700,505,29344086600,505,3431.28,0.010044
2020-08-25,0.003522,0.003512,0.000042,0.000028,29741533000,505,29637453700,505,3443.62,0.003596
2020-08-26,0.010173,0.010166,-0.001863,-0.001888,30043916800,505,29741533000,505,3478.73,0.010196
2020-08-27,0.001848,0.001778,0.005959,0.005832,30097326900,505,30043916800,505,3484.55,0.001673
2020-08-28,0.006933,0.006833,0.00872,0.008518,30303093100,505,30097326900,505,3508.01,0.006733
2020-08-31,-0.002009,-0.002127,-0.008278,-0.00852,30251978100,505,30303093100,505,3500.31,-0.002195
2020-09-01,0.007952,0.007933,0.003248,0.003171,30491962200,505,30251978100,505,3526.65,0.007525
2020-09-02,0.015351,0.015251,0.018473,0.018419,30957326500,505,30491962200,505,3580.84,0.015366
2020-09-03,-0.034955,-0.03514,-0.022344,-0.022517,29869590800,505,30957326500,505,3455.06,-0.035126
2020-09-04,-0.008178,-0.008178,-0.00195,-0.00195,29624962100,505,29869590800,505,3426.96,-0.008133
2020-09-08,-0.027921,-0.027962,-0.021247,-0.021342,28796595900,505,29624962100,505,3331.84,-0.027756
2020-09-09,0.020237,0.020183,0.012548,0.012447,29377792400,505,28796595900,505,3398.96,0.020145
2020-09-10,-0.017577,-0.017626,-0.014947,-0.015066,28859991400,505,29377792400,505,3339.19,-0.017585
2020-09-11,0.000399,0.000354,0.004344,0.004303,28870225000,505,28859991400,505,3340.97,0.000533
2020-09-14,0.012983,0.01267,0.017203,0.016801,29235765900,505,28870225000,505,3383.54,0.012742
2020-09-15,0.005349,0.005333,0.000968,0.000895,29391693100,505,29235765900,505,3401.2,0.005219
2020-09-16,-0.004753,-0.004788,0.007356,0.00728,29250893900,505,29391693100,505,3385.49,-0.004619
2020-09-17,-0.008466,-0.008481,-0.004718,-0.004755,29002827300,505,29250893900,505,3357.01,-0.008412
2020-09-18,-0.01134,-0.011355,-0.011585,-0.011641,28673379200,505,29002827300,505,3319.47,-0.011183
2020-09-21,-0.011257,-0.011305,-0.025234,-0.025278,28380061500,505,28704624500,505,3281.06,-0.011571
2020-09-22,0.01082,0.010814,0.005121,0.005094,28686964700,505,28380061500,505,3315.57,0.010518
2020-09-23,-0.023827,-0.023895,-0.021753,-0.021797,28001481400,505,28686964700,505,3236.92,-0.023721
2020-09-24,0.003153,0.003103,0.001691,0.001628,28088236500,505,28001481400,505,3246.59,0.002987
2020-09-25,0.016035,0.016003,0.013323,0.013296,28518629400,505,28088236500,505,3298.46,0.015977
2020-09-28,0.016099,0.016099,0.018951,0.018951,28977761300,505,28518629400,505,3351.6,0.016111
2020-09-29,-0.004733,-0.00486,-0.007951,-0.008234,28836925700,505,28977761300,505,3335.47,-0.004813
2020-09-30,0.008263,0.008227,0.006225,0.006129,29069852400,505,28836925700,505,3363,0.008254
2020-10-01,0.005692,0.005589,0.002666,0.00259,29232348100,505,29069852400,505,3380.8,0.005293
2020-10-02,-0.00976,-0.009764,0.004623,0.004612,28935986300,505,29221456900,504,3348.44,-0.009572
2020-10-05,0.01806,0.017956,0.018323,0.018285,29451383700,505,28931886200,503,3408.63,0.017976
2020-10-06,-0.014074,-0.014112,-0.010256,-0.010268,29035777800,505,29451383700,503,3360.95,-0.013988
2020-10-07,0.017389,0.017361,0.017865,0.017842,29553252600,505,29048948400,504,3419.45,0.017406
2020-10-08,0.008262,0.007963,0.014455,0.014233,29788350800,505,29553252600,504,3446.83,0.008007
2020-10-09,0.008996,0.008977,0.001569,0.001562,30057671000,506,29793991500,505,3477.13,0.008791
2020-10-12,0.016701,0.016701,0.007257,0.007257,30559686000,505,30057671000,505,3534.22,0.016419
2020-10-13,-0.00613,-0.00613,-0.010283,-0.010283,30372400300,505,30559686000,505,3511.93,-0.006307
2020-10-14,-0.006746,-0.006841,-0.002317,-0.002372,30164828700,505,30372400300,505,3488.67,-0.006623
2020-10-15,-0.001529,-0.001555,0.00394,0.003893,30117911500,505,30164828700,505,3483.34,-0.001528
2020-10-16,-0.000083,-0.000102,-0.00092,-0.000954,30117779100,505,30117911500,505,3483.81,0.000135
2020-10-19,-0.016384,-0.016384,-0.013509,-0.013509,29624326400,505,30117779100,505,3426.92,-0.01633
2020-10-20,0.004811,0.004793,0.006258,0.006248,29766322100,505,29624326400,505,3443.12,0.004727
2020-10-21,-0.002255,-0.002277,-0.003453,-0.003475,29697764200,505,29766322100,505,3435.56,-0.002196
2020-10-22,0.005249,0.005169,0.012922,0.012893,29848692600,505,29697764200,505,3453.49,0.005219
2020-10-23,0.003499,0.00348,0.005086,0.005074,29951976800,505,29848692600,505,3465.39,0.003446
2020-10-26,-0.018394,-0.018401,-0.023021,-0.023043,29400746400,505,29951976800,505,3400.97,-0.01859
2020-10-27,-0.002814,-0.002829,-0.01212,-0.012164,29317504700,505,29400746400,505,3390.68,-0.003026
2020-10-28,-0.035198,-0.035199,-0.031835,-0.031838,28285493500,505,29317504700,505,3271.03,-0.035288
2020-10-29,0.011972,0.01189,0.011,0.010855,28621855500,505,28285493500,505,3310.11,0.011947
2020-10-30,-0.012228,-0.012335,-0.00227,-0.002546,28309836300,505,28621855500,505,3269.96,-0.01213
2020-11-02,0.012177,0.012163,0.022876,0.022852,28653794700,505,28309836300,505,3310.24,0.012318
2020-11-03,0.017793,0.017784,0.020224,0.020164,29163401900,505,28653794700,505,3369.16,0.017799
2020-11-04,0.022218,0.022216,0.000999,0.000994,29811295500,505,29163401900,505,3443.44,0.022047
2020-11-05,0.019562,0.01945,0.019544,0.019403,30391153500,505,29811295500,505,3510.45,0.01946
2020-11-06,-0.000009,-0.000139,-0.004349,-0.00443,30386971900,505,30391153500,505,3509.44,-0.000288
2020-11-09,0.011314,0.011226,0.045873,0.045747,30728187000,505,30386971900,505,3550.5,0.0117
2020-11-10,-0.00143,-0.001589,0.007107,0.006929,30679353400,505,30728187000,505,3545.53,-0.0014
2020-11-11,0.0079,0.0079,-0.001292,-0.001292,30921792800,505,30679353400,505,3572.66,0.007652
2020-11-12,-0.009679,-0.009881,-0.015831,-0.016018,30616993400,505,30921792800,505,3537.01,-0.009979
2020-11-13,0.013753,0.013663,0.022877,0.022742,31035313300,505,30616993400,505,3585.15,0.01361
2020-11-16,0.011511,0.011497,0.020348,0.020313,31392129900,505,31035313300,505,3626.91,0.011648
2020-11-17,-0.004613,-0.00475,-0.002688,-0.002837,31242282400,505,31402725600,505,3609.53,-0.004792
2020-11-18,-0.011277,-0.011454,-0.011165,-0.011259,30884649600,505,31242282400,505,3567.79,-0.011564
2020-11-19,0.004214,0.00415,0.004893,0.00477,31012896500,505,30884649600,505,3581.87,0.003946
2020-11-20,-0.00683,-0.006839,-0.005536,-0.005589,30800796600,505,31012896500,505,3557.54,-0.006793
2020-11-23,0.005592,0.005483,0.014566,0.014496,30969679500,505,30800796600,505,3577.59,0.005636
2020-11-24,0.016071,0.016057,0.02038,0.020346,31466960200,505,30969679500,505,3635.41,0.016162
2020-11-25,-0.00139,-0.001432,-0.006235,-0.006297,31421901600,505,31466960200,505,3629.65,-0.001584
2020-11-27,0.002563,0.002464,-0.000052,-0.000264,31499338400,505,31421901600,505,3638.35,0.002397
2020-11-30,-0.004343,-0.004503,-0.010302,-0.010531,31349145400,505,31499338400,505,3621.63,-0.004595
2020-12-01,0.01134,0.011161,0.009884,0.009741,31699024700,505,31349145400,505,3662.45,0.011271
2020-12-02,0.001739,0.001647,0.002299,0.002263,31751232600,505,31699024700,505,3669.01,0.001791
2020-12-03,-0.00047,-0.000657,0.004897,0.004718,31730386800,505,31751232600,505,3666.72,-0.000624
2020-12-04,0.008764,0.008707,0.015328,0.015308,32006666600,505,31730386800,505,3699.12,0.008836
2020-12-07,-0.001935,-0.001936,-0.005045,-0.00505,31944372100,505,32006666600,505,3691.96,-0.001936
2020-12-08,0.002839,0.002814,0.002905,0.00283,32034258300,505,31944372100,505,3702.25,0.002787
2020-12-09,-0.008042,-0.00809,-0.002846,-0.002932,31775115900,505,32034258300,505,3672.82,-0.007949
2020-12-10,-0.001213,-0.001306,-0.000455,-0.000556,31733609600,505,31775115900,505,3668.1,-0.001285
2020-12-11,-0.001219,-0.001242,-0.004802,-0.004838,31694181200,505,31733609600,505,3663.46,-0.001265
2020-12-14,-0.004099,-0.00428,-0.006786,-0.007152,31558537100,505,31694181200,505,3647.49,-0.004359
2020-12-15,0.012958,0.012945,0.015828,0.01577,31966428500,506,31563662200,506,3694.62,0.012921
2020-12-16,0.001945,0.001943,-0.002092,-0.002094,32028544300,506,31966428500,506,3701.17,0.001773
2020-12-17,0.005729,0.005682,0.0069,0.00682,32210533300,506,32028544300,506,3722.48,0.005758
2020-12-18,-0.003363,-0.003433,-0.003296,-0.003397,32099942700,506,32210533300,506,3709.41,-0.003511
2020-12-21,-0.004027,-0.004057,-0.00727,-0.007293,32619629800,505,32752508100,505,3694.92,-0.003906
2020-12-22,-0.001989,-0.002061,-0.00418,-0.004248,32552389700,505,32619629800,505,3687.26,-0.002073
2020-12-23,0.000729,0.000714,0.006381,0.006336,32575644000,505,32552389700,505,3690.01,0.000746
2020-12-24,0.003623,0.00352,0.002365,0.002262,32690302800,505,32575644000,505,3703.06,0.003537
2020-12-28,0.008938,0.008938,0.002918,0.002918,32982474500,505,32690302800,505,3735.36,0.008723
2020-12-29,-0.00224,-0.00224,-0.004992,-0.004992,32908586800,505,32982474500,505,3727.04,-0.002227
2020-12-30,0.001475,0.001364,0.006731,0.006487,32953469800,505,32908586800,505,3732.04,0.001342
2020-12-31,0.006367,0.00629,0.007515,0.007359,33161225600,505,32953469800,505,3756.07,0.006439
